first_name,last_name
Charles,Laughton
Sir Cedric,Hardwicke
Thomas,Mitchell
Maureen,O'Hara
Edmond,O'Brien
Alan,Marshal
Walter,Hampden
Charlie,Chaplin
Mark,Swain
Tom,Murray
Malcolm,Walte
Jackie,Coogan
Edna,Purviance
Moe,Howard
Larry,Fine
Shemp,Howard
Vernon,Dent
George J.,Lewis
Frank,Lackteen
Everett,Brown
Johnny,Kascier
Joe,Palma
Lon,Chaney
Norman,Kerry
Mary,Philbin
Arthur Edmund,Carewe
Gibson,Gowland
Snitz,Edwards
Bernard,Seigel
Judith,O'Dea
Duane,Jones
Marilyn,Eastman
Karl,Hardman
Judith,Ridley
Keith,Wayne
Russell W.,Streiner
John,Smith
Michael,Johnson
Emily,Williams
Jessica,Brown
Daniel,Jones
Sophia,Garcia
James,Martinez
Sarah,Robinson
David,Clark
Emma,Rodriguez
Chris,Lewis
Olivia,Lee
Matthew,Walker
Grace,Hall
Andrew,Allen
Isabella,Young
Robert,King
Mia,Hernandez
Brian,Lopez
Lily,Scott
Jacob,Adams
Mason,Baker
Lucas,Carter
Benjamin,Mitchell
Elijah,Perez
Alexander,Roberts
William,Turner
Victoria,Parker
Chloe,Evans
Ethan,Edwards
Aiden,Collins
Ella,Stewart
Liam,Sanchez
Abigail,Morris
